{"cameraMode":{"drawMode":0,"name":"Shaded","section":"Shading Mode"},"sceneLighting":true,"audioPlay":false,"sceneViewState":{"showFog":true,"showMaterialUpdate":true,"showSkybox":true,"showFlares":true,"showImageEffects":true,"showParticleSystems":true},"in2DMode":false,"pivot":{"x":-9.37497329711914,"y":34.441864013671878,"z":43.799198150634769},"rotation":{"x":0.3124443590641022,"y":0.03617890924215317,"z":-0.011917402036488057,"w":0.9491830468177795},"size":38.909358978271487,"orthographic":false}